SimranTiwana,simran123
ChristopherAlvaro,chris456
AvaniBanga,avani789
JaredNg,jared321
JasmineTiwana,jasmine234
ArpitaChaudhary,arpita987
MalikaGauba,malika654
MokshJassal,moksh852
JulianBali,julian963
Marj,marj111
Jazz,j2
